{
  "model": "decision_tree",
  "hyperparameters": 5,
  "timestamp": "2026-07-13 21:28:47.040472",
  "metrics": {
    "precision": 0.7702702702702703,
    "recall": 0.6551724137931034,
    "f1": 0.7080745341614907,
    "accuracy": 0.8894117647058823,
    "baseline_accuracy": 0.7952941176470588
  }
}