{
  "model": "decision_tree",
  "max_depth": 5,
  "timestamp": "2026-07-11 18:01:43.628993",
  "metrics": {
    "precision": 0.7702702702702703,
    "recall": 0.6551724137931034,
    "f1": 0.7080745341614907,
    "accuracy": 0.8894117647058823,
    "baseline_accuracy": 0.7952941176470588
  }
}